,Problem
0,Two Sum
1,Add Two Numbers
2,Longest Substring Without Repeating Characters
3,Median of Two Sorted Arrays
4,Longest Palindromic Substring
5,Palindrome Number
6,Container With Most Water
7,Integer to Roman
8,Roman to Integer
9,Longest Common Prefix
10,3Sum
11,3Sum Closest
12,Remove Nth Node From End of List
13,Valid Parentheses
14,Merge Two Sorted Lists
15,Generate Parentheses
16,Reverse Nodes in k-Group
17,Next Permutation
18,Search in Rotated Sorted Array
19,Find First and Last Position of Element in Sorted Array
20,Search Insert Position
21,Combination Sum
22,Trapping Rain Water
23,Jump Game II
24,Rotate Image
25,Group Anagrams
26,Merge Intervals
27,Unique Paths
28,Plus One
29,Climbing Stairs
30,Search a 2D Matrix
31,Largest Rectangle in Histogram
32,Unique Binary Search Trees II
33,Symmetric Tree
34,Pascal's Triangle
35,Best Time to Buy and Sell Stock
36,Valid Palindrome
37,Longest Consecutive Sequence
38,Single Number II
39,Linked List Cycle
40,Maximum Product Subarray
41,Rotate Array
42,House Robber
43,Number of Islands
44,Happy Number
45,Isomorphic Strings
46,Contains Duplicate
47,Basic Calculator II
48,Product of Array Except Self
49,Missing Number
50,First Bad Version
51,Move Zeroes
52,Find the Duplicate Number
53,Burst Balloons
54,Increasing Triplet Subsequence
55,Insert Delete GetRandom O(1)
56,Decode String
57,Assign Cookies
58,Next Greater Element I
59,Next Greater Element II
60,Continuous Subarray Sum
61,Swapping Nodes in a Linked List
62,Single Element in a Sorted Array
63,Find K Closest Elements
64,Maximum Length of Repeated Subarray
65,Binary Search
66,Shortest Subarray with Sum at Least K
67,Middle of the Linked List
68,Unique Number of Occurrences
69,Minimum Difficulty of a Job Schedule
70,Running Sum of 1d Array
71,String Compression II
72,Sum of All Odd Length Subarrays
73,Build Array from Permutation
74,Find Original Array From Doubled Array
75,Add Two Integers
