,Problem
0,Two Sum
1,Add Two Numbers
2,Longest Substring Without Repeating Characters
3,Median of Two Sorted Arrays
4,Longest Palindromic Substring
5,Reverse Integer
6,String to Integer (atoi)
7,Palindrome Number
8,Regular Expression Matching
9,Container With Most Water
10,Integer to Roman
11,Roman to Integer
12,Longest Common Prefix
13,3Sum
14,3Sum Closest
15,Letter Combinations of a Phone Number
16,4Sum
17,Remove Nth Node From End of List
18,Valid Parentheses
19,Merge Two Sorted Lists
20,Generate Parentheses
21,Merge k Sorted Lists
22,Swap Nodes in Pairs
23,Reverse Nodes in k-Group
24,Find the Index of the First Occurrence in a String
25,Next Permutation
26,Longest Valid Parentheses
27,Search in Rotated Sorted Array
28,Find First and Last Position of Element in Sorted Array
29,Search Insert Position
30,Valid Sudoku
31,Count and Say
32,First Missing Positive
33,Trapping Rain Water
34,Wildcard Matching
35,Jump Game II
36,Permutations
37,Rotate Image
38,Group Anagrams
39,N-Queens
40,Maximum Subarray
41,Spiral Matrix
42,Jump Game
43,Merge Intervals
44,Length of Last Word
45,Unique Paths
46,Unique Paths II
47,Minimum Path Sum
48,Sqrt(x)
49,Climbing Stairs
50,Edit Distance
51,Set Matrix Zeroes
52,Search a 2D Matrix
53,Sort Colors
54,Minimum Window Substring
55,Subsets
56,Word Search
57,Largest Rectangle in Histogram
58,Merge Sorted Array
59,Subsets II
60,Decode Ways
61,Reverse Linked List II
62,Binary Tree Inorder Traversal
63,Interleaving String
64,Validate Binary Search Tree
65,Same Tree
66,Symmetric Tree
67,Binary Tree Level Order Traversal
68,Binary Tree Zigzag Level Order Traversal
69,Construct Binary Tree from Preorder and Inorder Traversal
70,Binary Tree Level Order Traversal II
71,Minimum Depth of Binary Tree
72,Path Sum
73,Path Sum II
74,Flatten Binary Tree to Linked List
75,Populating Next Right Pointers in Each Node
76,Pascal's Triangle
77,Best Time to Buy and Sell Stock
78,Best Time to Buy and Sell Stock II
79,Best Time to Buy and Sell Stock III
80,Word Ladder II
81,Word Ladder
82,Longest Consecutive Sequence
83,Palindrome Partitioning
84,Clone Graph
85,Gas Station
86,Single Number
87,Copy List with Random Pointer
88,Word Break
89,Word Break II
90,Linked List Cycle
91,Linked List Cycle II
92,LRU Cache
93,Sort List
94,Evaluate Reverse Polish Notation
95,Maximum Product Subarray
96,Find Minimum in Rotated Sorted Array
97,Min Stack
98,Find Peak Element
99,Compare Version Numbers
100,Two Sum II - Input Array Is Sorted
101,Excel Sheet Column Title
102,Majority Element
103,Binary Search Tree Iterator
104,Combine Two Tables
105,Department Top Three Salaries
106,Rotate Array
107,Reverse Bits
108,Number of 1 Bits
109,Delete Duplicate Emails
110,House Robber
111,Binary Tree Right Side View
112,Number of Islands
113,Happy Number
114,Count Primes
115,Isomorphic Strings
116,Reverse Linked List
117,Course Schedule
118,Implement Trie (Prefix Tree)
119,Minimum Size Subarray Sum
120,Course Schedule II
121,Word Search II
122,Kth Largest Element in an Array
123,Contains Duplicate
124,The Skyline Problem
125,Contains Duplicate II
126,Contains Duplicate III
127,Count Complete Tree Nodes
128,Rectangle Area
129,Basic Calculator
130,Basic Calculator II
131,Kth Smallest Element in a BST
132,Implement Queue using Stacks
133,Palindrome Linked List
134,Lowest Common Ancestor of a Binary Search Tree
135,Lowest Common Ancestor of a Binary Tree
136,Delete Node in a Linked List
137,Product of Array Except Self
138,Sliding Window Maximum
139,Valid Anagram
140,Meeting Rooms II
141,Add Digits
142,Missing Number
143,Integer to English Words
144,First Bad Version
145,Perfect Squares
146,Move Zeroes
147,Walls and Gates
148,Find Median from Data Stream
149,Serialize and Deserialize Binary Tree
150,Longest Increasing Subsequence
151,Remove Duplicate Letters
152,Coin Change
153,Number of Connected Components in an Undirected Graph
154,Counting Bits
155,Longest Substring with At Most K Distinct Characters
156,Power of Four
157,Moving Average from Data Stream
158,Top K Frequent Elements
159,Design Tic-Tac-Toe
160,Intersection of Two Arrays
161,Intersection of Two Arrays II
162,Russian Doll Envelopes
163,Design Hit Counter
164,Valid Perfect Square
165,Guess Number Higher or Lower
166,Insert Delete GetRandom O(1)
167,Ransom Note
168,First Unique Character in a String
169,Decode String
170,Evaluate Division
171,Trapping Rain Water II
172,Split Array Largest Sum
173,Fizz Buzz
174,Pacific Atlantic Water Flow
175,Battleships in a Board
176,Longest Repeating Character Replacement
177,Minimum Genetic Mutation
178,Path Sum III
179,Find All Anagrams in a String
180,String Compression
181,Serialize and Deserialize BST
182,Minimum Number of Arrows to Burst Balloons
183,LFU Cache
184,Concatenated Words
185,Next Greater Element I
186,IPO
187,Next Greater Element II
188,Coin Change II
189,Continuous Subarray Sum
190,Word Abbreviation
191,Lonely Pixel I
192,K-diff Pairs in an Array
193,Convert BST to Greater Tree
194,Single Element in a Sorted Array
195,01 Matrix
196,Diameter of Binary Tree
197,Number of Provinces
198,Next Greater Element III
199,Subarray Sum Equals K
200,Permutation in String
201,Find Customer Referee
202,Design In-Memory File System
203,Big Countries
204,Find Duplicate File in System
205,Task Scheduler
206,Add One Row to Tree
207,Set Mismatch
208,Palindromic Substrings
209,Two Sum IV - Input is a BST
210,Find K Closest Elements
211,Maximum Width of Binary Tree
212,Top K Frequent Words
213,Max Area of Island
214,Find K-th Smallest Pair Distance
215,Find Pivot Index
216,Flood Fill
217,Asteroid Collision
218,Daily Temperatures
219,Delete and Earn
220,Open the Lock
221,Reorganize String
222,Basic Calculator III
223,Binary Search
224,Swap Adjacent in LR String
225,Rabbits in Forest
226,Cheapest Flights Within K Stops
227,Design HashMap
228,Find Eventual Safe States
229,Bus Routes
230,Making A Large Island
231,All Nodes Distance K in Binary Tree
232,Koko Eating Bananas
233,Maximum Frequency Stack
234,Online Stock Span
235,Sum of Subarray Minimums
236,Unique Email Addresses
237,Reorder Data in Log Files
238,Check Completeness of a Binary Tree
239,Binary Tree Cameras
240,K Closest Points to Origin
241,Squares of a Sorted Array
242,Distribute Coins in Binary Tree
243,Minimum Cost For Tickets
244,Satisfiability of Equality Equations
245,Rotting Oranges
246,Maximum Difference Between Node and Ancestor
247,Analyze User Website Visit Pattern
248,Minimum Cost to Connect Sticks
249,Last Stone Weight
250,Remove All Adjacent Duplicates In String
251,Longest String Chain
252,Shortest Path in Binary Matrix
253,Number of Visible People in a Queue
254,Unique Number of Occurrences
255,Remove All Adjacent Duplicates in String II
256,Minimum Number of Moves to Make Palindrome
257,First Unique Number
258,Search Suggestions System
259,Angle Between Hands of a Clock
260,Minimum Difficulty of a Job Schedule
261,Jump Game V
262,Maximum Number of Events That Can Be Attended
263,Maximum Performance of a Team
264,The kth Factor of n
265,Running Sum of 1d Array
266,Minimum Number of Days to Make m Bouquets
267,Stone Game V
268,Design Parking System
269,Design an Expression Tree With Evaluate Function
270,Richest Customer Wealth
271,Concatenation of Consecutive Binary Numbers
272,Determine if String Halves Are Alike
273,Maximum Units on a Truck
274,Minimum Number of Swaps to Make the Binary String Alternating
275,Find Original Array From Doubled Array
276,First and Last Call On the Same Day
277,Plates Between Candles
278,Find Good Days to Rob the Bank
279,Step-By-Step Directions From a Binary Tree Node to Another
280,Find All Possible Recipes from Given Supplies
281,Sum of Subarray Ranges
282,Rearrange Array Elements by Sign
283,Find Triangular Sum of an Array
284,Number of Ways to Select Buildings
285,Minimum Average Difference
286,Minimum Health to Beat Game
287,Substring With Largest Variance
288,Minimum Rounds to Complete All Tasks
289,Sum of Total Strength of Wizards
290,Rearrange Characters to Make Target String
291,Add Two Integers
292,Partition Array Such That Maximum Difference Is K
293,Minimum Number of Keypresses
294,Make Array Zero by Subtracting Equal Amounts
295,Maximum Number of Robots Within Budget
296,Amount of Time for Binary Tree to Be Infected
297,Minimum Adjacent Swaps to Make a Valid Array
298,Maximum Number of Books You Can Take
299,Append Characters to String to Make Subsequence
300,Difference Between Ones and Zeros in Row and Column
