,Problem
0,Two Sum
1,Add Two Numbers
2,Longest Substring Without Repeating Characters
3,Median of Two Sorted Arrays
4,Reverse Integer
5,Palindrome Number
6,Container With Most Water
7,Integer to Roman
8,Roman to Integer
9,Longest Common Prefix
10,3Sum
11,Letter Combinations of a Phone Number
12,4Sum
13,Remove Nth Node From End of List
14,Valid Parentheses
15,Merge Two Sorted Lists
16,Generate Parentheses
17,Remove Duplicates from Sorted Array
18,Remove Element
19,Find the Index of the First Occurrence in a String
20,Search in Rotated Sorted Array
21,Search Insert Position
22,Valid Sudoku
23,Count and Say
24,Combination Sum
25,Trapping Rain Water
26,Jump Game II
27,Rotate Image
28,Group Anagrams
29,Maximum Subarray
30,Spiral Matrix
31,Merge Intervals
32,Insert Interval
33,Length of Last Word
34,Plus One
35,Text Justification
36,Sqrt(x)
37,Climbing Stairs
38,Sort Colors
39,Reverse Linked List II
40,Unique Binary Search Trees
41,Same Tree
42,Maximum Depth of Binary Tree
43,Distinct Subsequences
44,Best Time to Buy and Sell Stock
45,Valid Palindrome
46,Word Ladder II
47,Clone Graph
48,Single Number
49,Copy List with Random Pointer
50,Word Break
51,Word Break II
52,Linked List Cycle
53,LRU Cache
54,Max Points on a Line
55,Reverse Words in a String
56,Read N Characters Given read4 II - Call Multiple Times
57,Intersection of Two Linked Lists
58,Excel Sheet Column Title
59,Largest Number
60,Customers Who Never Order
61,Rotate Array
62,Number of 1 Bits
63,House Robber
64,Number of Islands
65,Happy Number
66,Reverse Linked List
67,Course Schedule II
68,Word Search II
69,Contains Duplicate
70,The Skyline Problem
71,Maximal Square
72,Rectangle Area
73,Power of Two
74,Number of Digit One
75,Palindrome Linked List
76,Sliding Window Maximum
77,Meeting Rooms II
78,First Bad Version
79,Move Zeroes
80,Peeking Iterator
81,Serialize and Deserialize Binary Tree
82,Longest Increasing Subsequence
83,Coin Change
84,Reverse String
85,Top K Frequent Elements
86,Design Tic-Tac-Toe
87,Design Hit Counter
88,Valid Perfect Square
89,Guess Number Higher or Lower
90,Add Strings
91,String Compression
92,Delete Node in a BST
93,Island Perimeter
94,Reshape the Matrix
95,Design Search Autocomplete System
96,Valid Parenthesis String
97,Top K Frequent Words
98,Max Stack
99,Find Pivot Index
100,Min Cost Climbing Stairs
101,Basic Calculator III
102,Binary Search
103,Design HashMap
104,Design Circular Queue
105,Largest Perimeter Triangle
106,Time Based Key-Value Store
107,Find the Town Judge
108,Car Pooling
109,Minimum Number of Moves to Make Palindrome
110,The K Weakest Rows in a Matrix
111,Kids With the Greatest Number of Candies
112,Richest Customer Wealth
113,Maximum Score from Performing Multiplication Operations
114,Rearrange Products Table
115,Calculate Special Bonus
116,Concatenation of Array
117,Partition Array Into Two Arrays to Minimize Sum Difference
