,Problem
0,Two Sum
1,Add Two Numbers
2,Longest Substring Without Repeating Characters
3,Median of Two Sorted Arrays
4,Reverse Integer
5,String to Integer (atoi)
6,Palindrome Number
7,Container With Most Water
8,Integer to Roman
9,Roman to Integer
10,3Sum
11,3Sum Closest
12,Valid Parentheses
13,Merge k Sorted Lists
14,Reverse Nodes in k-Group
15,Find the Index of the First Occurrence in a String
16,Next Permutation
17,Search in Rotated Sorted Array
18,Find First and Last Position of Element in Sorted Array
19,Sudoku Solver
20,Count and Say
21,Trapping Rain Water
22,Wildcard Matching
23,Jump Game II
24,Permutations
25,Rotate Image
26,Group Anagrams
27,"Pow(x, n)"
28,Maximum Subarray
29,Jump Game
30,Merge Intervals
31,Unique Paths
32,Sqrt(x)
33,Climbing Stairs
34,Search a 2D Matrix
35,Subsets
36,Word Search
37,Merge Sorted Array
38,Decode Ways
39,Unique Binary Search Trees II
40,Validate Binary Search Tree
41,Symmetric Tree
42,Binary Tree Level Order Traversal
43,Binary Tree Zigzag Level Order Traversal
44,Construct Binary Tree from Preorder and Inorder Traversal
45,Populating Next Right Pointers in Each Node
46,Populating Next Right Pointers in Each Node II
47,Pascal's Triangle
48,Best Time to Buy and Sell Stock
49,Best Time to Buy and Sell Stock II
50,Word Ladder
51,Palindrome Partitioning
52,Gas Station
53,Copy List with Random Pointer
54,Word Break
55,Word Break II
56,LRU Cache
57,Min Stack
58,Longest Substring with At Most Two Distinct Characters
59,Two Sum II - Input Array Is Sorted
60,Majority Element
61,Largest Number
62,Best Time to Buy and Sell Stock IV
63,House Robber
64,Binary Tree Right Side View
65,Number of Islands
66,Happy Number
67,Word Search II
68,Contains Duplicate
69,The Skyline Problem
70,Lowest Common Ancestor of a Binary Tree
71,Product of Array Except Self
72,Valid Anagram
73,Meeting Rooms II
74,Graph Valid Tree
75,Ugly Number
76,Alien Dictionary
77,Move Zeroes
78,Find Median from Data Stream
79,Remove Invalid Parentheses
80,Range Sum Query 2D - Mutable
81,Sparse Matrix Multiplication
82,Binary Tree Vertical Order Traversal
83,Coin Change
84,Reconstruct Itinerary
85,Increasing Triplet Subsequence
86,Flatten Nested List Iterator
87,Top K Frequent Elements
88,Largest Divisible Subset
89,Guess Number Higher or Lower
90,Insert Delete GetRandom O(1)
91,First Unique Character in a String
92,Decode String
93,Evaluate Division
94,Arithmetic Slices
95,Minimum Genetic Mutation
96,Add Two Numbers II
97,Sort Characters By Frequency
98,Island Perimeter
99,Diameter of Binary Tree
100,Valid Triangle Number
101,Find Duplicate Subtrees
102,Find K Closest Elements
103,Maximum Width of Binary Tree
104,Top K Frequent Words
105,Number of Distinct Islands
106,Max Area of Island
107,Max Stack
108,Maximum Length of Repeated Subarray
109,Candy Crush
110,Min Cost Climbing Stairs
111,Flatten a Multilevel Doubly Linked List
112,K-th Symbol in Grammar
113,All Paths From Source to Target
114,Making A Large Island
115,Image Overlap
116,Longest Mountain in Array
117,Peak Index in a Mountain Array
118,Middle of the Linked List
119,Possible Bipartition
120,Long Pressed Name
121,Knight Dialer
122,Numbers With Same Consecutive Differences
123,Time Based Key-Value Store
124,Two City Scheduling
125,Design A Leaderboard
126,Shortest Path with Alternating Colors
127,Number of Ships in a Rectangle
128,Sort the Matrix Diagonally
129,Web Crawler
130,Invalid Transactions
131,Minimum Absolute Difference
132,Remove All Adjacent Duplicates in String II
133,Minimum Remove to Make Valid Parentheses
134,Calculate Amount Paid in Taxes
135,Shortest Path in a Grid with Obstacles Elimination
136,Minimum Number of Steps to Make Two Strings Anagram
137,Sort Integers by The Power Value
138,Design Underground System
139,Design Browser History
140,Minimum Number of Days to Make m Bouquets
141,Find Root of N-Ary Tree
142,Minimum Time to Make Rope Colorful
143,Count Unhappy Friends
144,Maximum Nesting Depth of the Parentheses
145,Furthest Building You Can Reach
146,Design an Ordered Stream
147,Design Most Recently Used Queue
148,Find the Winner of the Circular Game
149,Add Two Integers
150,Minimum Total Distance Traveled
