,Problem
0,Largest Rectangle in Histogram
1,Path Sum II
2,Binary Tree Maximum Path Sum
3,LRU Cache
4,Sliding Window Maximum
5,Walls and Gates
6,Shortest Distance from All Buildings
7,Longest Increasing Path in a Matrix
8,Shortest Path to Get Food
9,Next Greater Element III
10,Task Scheduler
11,Find K Closest Elements
12,Swim in Rising Water
13,Making A Large Island
14,Push Dominoes
15,Buddy Strings
16,Two City Scheduling
17,Design File System
18,Maximum Profit in Job Scheduling
19,Shortest Path in a Grid with Obstacles Elimination
20,Minimum Number of Steps to Make Two Strings Anagram
21,Find Nearest Point That Has the Same X or Y Coordinate
22,Check if One String Swap Can Make Strings Equal
23,Maximum Path Quality of a Graph
24,Count Subarrays With Fixed Bounds
