,Problem
0,Two Sum
1,Add Two Numbers
2,Integer to Roman
3,Roman to Integer
4,Longest Common Prefix
5,3Sum
6,Valid Parentheses
7,Find the Index of the First Occurrence in a String
8,Next Permutation
9,Group Anagrams
10,"Pow(x, n)"
11,Merge Intervals
12,Valid Number
13,Simplify Path
14,Word Search
15,Merge Sorted Array
16,Decode Ways
17,Populating Next Right Pointers in Each Node
18,Best Time to Buy and Sell Stock
19,Valid Palindrome
20,Copy List with Random Pointer
21,Find Minimum in Rotated Sorted Array
22,Find Peak Element
23,Missing Ranges
24,Binary Tree Right Side View
25,Number of Islands
26,Happy Number
27,Course Schedule
28,Word Search II
29,Kth Largest Element in an Array
30,Contains Duplicate II
31,Basic Calculator II
32,Kth Smallest Element in a BST
33,Lowest Common Ancestor of a Binary Tree
34,Meeting Rooms II
35,Encode and Decode Strings
36,Move Zeroes
37,Remove Invalid Parentheses
38,Binary Tree Vertical Order Traversal
39,Increasing Triplet Subsequence
40,Nested List Weight Sum
41,Moving Average from Data Stream
42,Top K Frequent Elements
43,Intersection of Two Arrays II
44,Valid Word Abbreviation
45,Partition Equal Subset Sum
46,Continuous Subarray Sum
47,Diameter of Binary Tree
48,Reverse Words in a String III
49,Subarray Sum Equals K
50,Add One Row to Tree
51,Maximum Swap
52,Valid Palindrome II
53,Maximum Sum of 3 Non-Overlapping Subarrays
54,Accounts Merge
55,Convert Binary Search Tree to Sorted Doubly Linked List
56,Toeplitz Matrix
57,Is Graph Bipartite?
58,Cheapest Flights Within K Stops
59,Custom Sort String
60,Peak Index in a Mountain Array
61,All Nodes Distance K in Binary Tree
62,Random Pick with Weight
63,Monotonic Array
64,Minimum Add to Make Parentheses Valid
65,Range Sum of BST
66,K Closest Points to Origin
67,Squares of a Sorted Array
68,Vertical Order Traversal of a Binary Tree
69,Remove All Adjacent Duplicates In String
70,Shortest Path in Binary Matrix
71,Critical Connections in a Network
72,Remove All Adjacent Duplicates in String II
73,Minimum Remove to Make Valid Parentheses
74,Jump Game V
75,Dot Product of Two Sparse Vectors
76,Lowest Common Ancestor of a Binary Tree III
77,Buildings With an Ocean View
