,Problem
0,Two Sum
1,Longest Substring Without Repeating Characters
2,Longest Palindromic Substring
3,Valid Parentheses
4,Trapping Rain Water
5,Minimum Path Sum
6,Best Time to Buy and Sell Stock
7,Valid Anagram
8,Counting Bits
9,Palindromic Substrings
10,Count Binary Substrings
11,Count Different Palindromic Subsequences
12,Reaching Points
13,Pairs of Songs With Total Durations Divisible by 60
14,Break a Palindrome
15,Remove All Adjacent Duplicates in String II
16,Sort Integers by The Number of 1 Bits
17,Minimum Value to Get Positive Step by Step Sum
18,Remove Duplicates From an Unsorted Linked List
19,Count Palindromic Subsequences
