,Problem
0,Two Sum
1,Add Two Numbers
2,Longest Substring Without Repeating Characters
3,Median of Two Sorted Arrays
4,Palindrome Number
5,Integer to Roman
6,Roman to Integer
7,Longest Common Prefix
8,Valid Parentheses
9,Merge k Sorted Lists
10,Sudoku Solver
11,Combination Sum
12,Trapping Rain Water
13,Maximum Subarray
14,Spiral Matrix
15,Merge Intervals
16,Insert Interval
17,Length of Last Word
18,Unique Paths
19,Minimum Path Sum
20,Plus One
21,Text Justification
22,Simplify Path
23,Word Search
24,Merge Sorted Array
25,Decode Ways
26,Same Tree
27,Path Sum
28,Valid Palindrome
29,Word Ladder
30,Longest Consecutive Sequence
31,LRU Cache
32,Find Minimum in Rotated Sorted Array II
33,Majority Element
34,Reverse Bits
35,House Robber
36,Number of Islands
37,Happy Number
38,Course Schedule
39,Course Schedule II
40,Word Search II
41,House Robber II
42,Contains Duplicate II
43,Maximal Square
44,Basic Calculator
45,Product of Array Except Self
46,Sliding Window Maximum
47,Valid Anagram
48,Meeting Rooms II
49,Perfect Squares
50,Expression Add Operators
51,Move Zeroes
52,Find Median from Data Stream
53,Bulls and Cows
54,Longest Increasing Subsequence
55,Odd Even Linked List
56,Longest Increasing Path in a Matrix
57,Increasing Triplet Subsequence
58,House Robber III
59,Top K Frequent Elements
60,Logger Rate Limiter
61,Find Leaves of Binary Tree
62,Insert Delete GetRandom O(1)
63,Decode String
64,Evaluate Division
65,Fizz Buzz
66,Arithmetic Slices
67,Pacific Atlantic Water Flow
68,Battleships in a Board
69,Longest Repeating Character Replacement
70,Next Greater Element II
71,Minimum Time Difference
72,Next Greater Element III
73,Top K Frequent Words
74,Range Module
75,My Calendar I
76,Network Delay Time
77,Basic Calculator III
78,Binary Search
79,Race Car
80,Guess the Word
81,All Nodes Distance K in Binary Tree
82,Koko Eating Bananas
83,Random Pick with Weight
84,Sort an Array
85,Range Sum of BST
86,DI String Match
87,Most Stones Removed with Same Row or Column
88,Odd Even Jump
89,Vertical Order Traversal of a Binary Tree
90,The Earliest Moment When Everyone Become Friends
91,Path With Maximum Minimum Value
92,Parallel Courses
93,Longest String Chain
94,Filling Bookcase Shelves
95,Snapshot Array
96,Number of Dice Rolls With Target Sum
97,Smallest String With Swaps
98,Maximum Profit in Job Scheduling
99,Minimum Moves to Move a Box to Their Target Location
100,Find the Difference of Two Arrays
101,Search Suggestions System
102,Shortest Path in a Grid with Obstacles Elimination
103,Parallel Courses II
104,Running Sum of 1d Array
105,Count Submatrices With All Ones
106,Rearrange Spaces Between Words
107,Maximum Number of Visible Points
108,Determine if Two Strings Are Close
109,Richest Customer Wealth
110,Minimum Interval to Include Each Query
111,Minimum Space Wasted From Packaging
112,Concatenation of Array
113,Detect Squares
114,Stock Price Fluctuation
115,Partition Array Into Two Arrays to Minimize Sum Difference
116,Detonate the Maximum Bombs
117,Find All Possible Recipes from Given Supplies
118,The Latest Time to Catch a Bus
119,Meeting Rooms III
120,Strictly Palindromic Number
121,Finding the Number of Visible Mountains
122,Sum of Prefix Scores of Strings
123,Number of Good Paths
124,Number of Pairs Satisfying Inequality
125,Paths in Matrix Whose Sum Is Divisible by K
126,Longest Increasing Subsequence II
127,Height of Binary Tree After Subtree Removal Queries
