,Problem
0,Two Sum
1,Longest Substring Without Repeating Characters
2,Longest Palindromic Substring
3,Reverse Integer
4,3Sum
5,4Sum
6,Generate Parentheses
7,Unique Paths
8,Best Time to Buy and Sell Stock
9,Valid Palindrome
10,Maximum Product Subarray
11,House Robber
12,Longest Increasing Subsequence
13,Count of Smaller Numbers After Self
14,Russian Doll Envelopes
15,First Unique Character in a String
16,Single Element in a Sorted Array
17,Subarray Sum Equals K
18,Score of Parentheses
19,Minimum Number of Refueling Stops
20,Fibonacci Number
21,Subarrays with K Different Integers
22,Partition Array Into Two Arrays to Minimize Sum Difference
