,Problem
0,Two Sum
1,Add Two Numbers
2,Longest Substring Without Repeating Characters
3,Median of Two Sorted Arrays
4,Longest Palindromic Substring
5,String to Integer (atoi)
6,Regular Expression Matching
7,Roman to Integer
8,Longest Common Prefix
9,3Sum
10,Letter Combinations of a Phone Number
11,Valid Parentheses
12,Merge Two Sorted Lists
13,Generate Parentheses
14,Merge k Sorted Lists
15,Reverse Nodes in k-Group
16,Find the Index of the First Occurrence in a String
17,Search Insert Position
18,Combination Sum
19,First Missing Positive
20,Trapping Rain Water
21,Permutations
22,Rotate Image
23,Group Anagrams
24,"Pow(x, n)"
25,Maximum Subarray
26,Spiral Matrix
27,Jump Game
28,Merge Intervals
29,Sqrt(x)
30,Climbing Stairs
31,Search a 2D Matrix
32,Sort Colors
33,Word Search
34,Binary Tree Zigzag Level Order Traversal
35,Best Time to Buy and Sell Stock
36,Binary Tree Maximum Path Sum
37,Gas Station
38,Word Break
39,LRU Cache
40,Max Points on a Line
41,Find Minimum in Rotated Sorted Array II
42,Min Stack
43,Binary Search Tree Iterator
44,Number of Islands
45,Minimum Size Subarray Sum
46,Course Schedule II
47,Lowest Common Ancestor of a Binary Tree
48,Product of Array Except Self
49,Search a 2D Matrix II
50,Find Median from Data Stream
51,Serialize and Deserialize Binary Tree
52,Coin Change
53,Top K Frequent Elements
54,Evaluate Division
55,Minimum Moves to Equal Array Elements
56,Task Scheduler
57,Valid Palindrome II
58,Flood Fill
59,Daily Temperatures
60,Design HashMap
61,Backspace String Compare
62,Sort an Array
63,Time Based Key-Value Store
64,Find N Unique Integers Sum up to Zero
65,Min Cost to Connect All Points
66,Find Missing Observations
67,Step-By-Step Directions From a Binary Tree Node to Another
68,Optimal Partition of String
