,Problem
0,Group Anagrams
1,Edit Distance
2,Word Search
3,Binary Tree Maximum Path Sum
4,Word Break II
5,LRU Cache
6,Find Peak Element
7,Number of Islands
8,Implement Trie (Prefix Tree)
9,Basic Calculator II
10,Power of Two
11,Different Ways to Add Parentheses
12,Missing Number
13,Alien Dictionary
14,Best Meeting Point
15,Top K Frequent Elements
16,Insert Delete GetRandom O(1)
17,Evaluate Division
18,All O`one Data Structure
19,Employee Free Time
20,Basic Calculator III
21,Is Graph Bipartite?
22,Shortest Bridge
23,Subarray Sums Divisible by K
24,Shortest Path in Binary Matrix
25,Shortest Path in a Grid with Obstacles Elimination
26,Ways to Split Array Into Three Subarrays
