,Problem
0,Median of Two Sorted Arrays
1,Container With Most Water
2,Generate Parentheses
3,Reverse Nodes in k-Group
4,Spiral Matrix
5,Merge Intervals
6,Unique Paths
7,Word Search
8,Decode Ways
9,Restore IP Addresses
10,LRU Cache
11,Sort List
12,Missing Ranges
13,House Robber
14,Number of Islands
15,Count Primes
16,Course Schedule II
17,Maximal Square
18,Basic Calculator II
19,Graph Valid Tree
20,Longest Increasing Subsequence
21,Coin Change
22,Number of Connected Components in an Undirected Graph
23,Longest Increasing Path in a Matrix
24,Decode String
25,Pacific Atlantic Water Flow
26,The Maze
27,Subarray Sum Equals K
28,Number of Distinct Islands
29,Asteroid Collision
30,Daily Temperatures
31,Basic Calculator III
32,Is Graph Bipartite?
33,Possible Bipartition
34,Minimum Increment to Make Array Unique
35,Subarrays with K Different Integers
36,Two Sum Less Than K
37,Product of the Last K Numbers
38,Number of Ways of Cutting a Pizza
39,Find All Possible Recipes from Given Supplies
