,Problem
0,Add Two Numbers
1,Longest Palindromic Substring
2,Container With Most Water
3,3Sum
4,Merge Two Sorted Lists
5,Trapping Rain Water
6,"Pow(x, n)"
7,Maximum Subarray
8,Merge Intervals
9,Validate Binary Search Tree
10,Binary Tree Maximum Path Sum
11,Clone Graph
12,Copy List with Random Pointer
13,Employees Earning More Than Their Managers
14,Binary Tree Right Side View
15,Number of Islands
16,Lowest Common Ancestor of a Binary Tree
17,Shortest Word Distance
18,Group Shifted Strings
19,Alien Dictionary
20,Move Zeroes
21,Palindrome Pairs
22,Power of Four
23,Intersection of Two Arrays
24,Is Subsequence
25,Diameter of Binary Tree
26,Minimum Distance Between BST Nodes
27,Design HashSet
28,Unique Morse Code Words
29,Subdomain Visit Count
30,All Nodes Distance K in Binary Tree
31,Unique Email Addresses
32,Verifying an Alien Dictionary
33,K Closest Points to Origin
34,Longest String Chain
35,Invalid Transactions
36,Search Suggestions System
